{
    "alpha": [
        0.0,
        0.1,
        0.2,
        0.3,
        0.4,
        0.5,
        0.6,
        0.7,
        0.8,
        0.9,
        1.0
    ],
    "mse": [
        0.657064710344587,
        0.08839482175452369,
        0.02535740179674966,
        0.029010565419282233,
        0.045407003057854514,
        0.016413360168891295,
        0.016136860474944115,
        0.018556619861296246,
        0.015742346378309385,
        0.017679379055542604,
        0.01673652577613081
    ],
    "dtw": [
        3.9359125809760984,
        1.358579129133599,
        0.6413664438554948,
        0.7102370795303284,
        0.9416757769497239,
        0.5240082388171899,
        0.5291159690729285,
        0.596263123213425,
        0.5599330876765055,
        0.5553098194082711,
        0.4915222423708466
    ],
    "tdi": [
        0.0,
        0.0,
        2.3252418154761907,
        1.7534102182539684,
        0.5958426339285714,
        1.9542720734126988,
        2.43519035218254,
        1.7586495535714286,
        1.0662357390873016,
        3.508029513888889,
        4.542178199404762
    ],
    "hausdorff": [
        0.0,
        0.0,
        0.0,
        0.0,
        0.0,
        0.0,
        0.0,
        0.0,
        0.0,
        0.0,
        0.0
    ],
    "ramp": [
        0.005126305523195437,
        0.005310527049005032,
        0.005805396275328738,
        0.007176388786839587,
        0.00507840806884425,
        0.0059938280444060054,
        0.0082683265209198,
        0.005325687051351581,
        0.005194055315639291,
        0.004323622145290885,
        0.0045940157558236805
    ]
}