{
    "gamma": [
        0.0001,
        0.001,
        0.01,
        0.1,
        1
    ],
    "mse": [
        0.01941130230469363,
        0.014958447510642665,
        0.014785365068486758,
        0.01334385879869972,
        0.014793092118842261
    ],
    "dtw": [
        0.5184098025769611,
        0.4351888261420263,
        0.4545572040797005,
        0.47438731657262717,
        0.47708790269890883
    ],
    "tdi": [
        5.287605406746032,
        4.760850694444445,
        4.198288690476191,
        3.7911551339285716,
        4.498899429563492
    ],
    "hausdorff": [
        0.0,
        0.0,
        0.0,
        0.0,
        0.0
    ],
    "ramp": [
        0.008427371470523732,
        0.005471695147986923,
        0.006777344604155847,
        0.0043110237124242955,
        0.0045869289232151845
    ]
}