{
    "gamma": [
        0.001,
        0.01,
        0.1,
        1,
        10
    ],
    "mse": [
        0.0074102054121812765,
        0.00397542730434889,
        0.004001956088947789,
        0.0034479558548899183,
        0.0046733577904638415
    ],
    "dtw": [
        0.274719477764309,
        0.16943250650924394,
        0.23173763886598106,
        0.21708974318555324,
        0.2557050973318047
    ],
    "tdi": [
        2.990369476783769,
        0.2454762178308824,
        0.2674690861587691,
        0.38126202086737465,
        0.3926345060593683
    ],
    "hausdorff": [
        0.16951323198337181,
        0.11889865957930976,
        0.1576797933883819,
        0.14456909316062344,
        0.17019855397223843
    ],
    "ramp": [
        0.05878545754753491,
        0.04546495030323664,
        0.05842621153330102,
        0.05593857039496595,
        0.058721153430786786
    ]
}