{
    "gamma": [
        0.0001,
        0.001,
        0.01,
        0.1,
        1
    ],
    "mse": [
        0.006871839985251427,
        0.007318130927160382,
        0.010114429984241724,
        0.006873749662190676,
        0.006668980699032545
    ],
    "dtw": [
        0.3155581791989178,
        0.3408805887809975,
        0.2826956753457523,
        0.3127324506688979,
        0.3032865786604455
    ],
    "tdi": [
        1.275119357638889,
        3.850368923611111,
        2.133517795138889,
        1.6798502604166667,
        1.2980143229166665
    ],
    "hausdorff": [
        22.6875,
        18.53125,
        18.375,
        22.6875,
        22.6875
    ],
    "ramp": [
        0.016226046718657017,
        0.01637803576886654,
        0.015265258029103279,
        0.01643702294677496,
        0.016177354380488396
    ]
}