{
    "gamma": [
        0.0001,
        0.01,
        0.1,
        1
    ],
    "mse": [
        0.04020369350910187,
        0.04266596958041191,
        0.031720833480358125,
        0.03195394054055214
    ],
    "dtw": [
        0.6688751519248171,
        0.6090609612629863,
        0.5896016864440516,
        0.6198939452878784
    ],
    "tdi": [
        2.1655849999999996,
        2.08176,
        2.0462350000000002,
        2.01922
    ],
    "hausdorff": [
        3.04,
        3.04,
        3.04,
        3.04
    ],
    "ramp": [
        0.0118679229170084,
        0.011456899717450142,
        0.009719214960932731,
        0.009662448801100254
    ]
}